67322308,丹阳舒乐宾馆,05853162,OYO镇江友好宾馆（大市口苏宁广场店）,154108592,长沙天百悦酒店,0
5853162,OYO镇江友好宾馆（大市口苏宁广场店）,1
5853162,OYO镇江友好宾馆（大市口苏宁广场店）,1
6682221,涟水红玫瑰假日酒店,1
6682221,涟水红玫瑰假日酒店,1
80238959,威嘉电竞酒店（涉外经济学院店）,1
80238959,威嘉电竞酒店（涉外经济学院店）,0
67322308,丹阳舒乐宾馆,0,2022-06-24
5853162,OYO镇江友好宾馆（大市口苏宁广场店）,1,2022-06-24
5853162,OYO镇江友好宾馆（大市口苏宁广场店）,1,2022-06-24
5853162,OYO镇江友好宾馆（大市口苏宁广场店）,1,2022-06-24
5853162,OYO镇江友好宾馆（大市口苏宁广场店）,1,2022-07-01
5853162,OYO镇江友好宾馆（大市口苏宁广场店）,1,2022-07-01
5853162,OYO镇江友好宾馆（大市口苏宁广场店）,1,2022-07-01
5853162,OYO镇江友好宾馆（大市口苏宁广场店）,1,2022-07-01
5853162,OYO镇江友好宾馆（大市口苏宁广场店）,1,2022-07-01
5853162,OYO镇江友好宾馆（大市口苏宁广场店）,1,2022-07-02
5853162,OYO镇江友好宾馆（大市口苏宁广场店）,1,2022-07-06
6682221,涟水红玫瑰假日酒店,1,2022-07-06
5983302,淮安名家商务宾馆,1,2022-07-06
1647068,淮安爱缘旅馆,1,2022-07-06
19756816,淮安全彩酒店,1,2022-07-06
78458811,攸嘉名宿酒店（长沙火车站地铁站店）,1,2022-07-06
72183355,长沙县悦致轻奢酒店,0,2022-07-06
54108592,长沙天百悦酒店,0,2022-07-06
6006661,长沙博尼尔大酒店,0,2022-07-06
85544309,十佳美享(湘雅附一店)民宿(芙蓉中路1号分店),0,2022-07-06
5853162,OYO镇江友好宾馆（大市口苏宁广场店）,1,2022-07-06
5853162,OYO镇江友好宾馆（大市口苏宁广场店）,1,2022-07-06
5853162,OYO镇江友好宾馆（大市口苏宁广场店）,1,2022-07-06
6682221,涟水红玫瑰假日酒店,1,2022-07-06
5983302,淮安名家商务宾馆,1,2022-07-06
1647068,淮安爱缘旅馆,1,2022-07-06
19756816,淮安全彩酒店,1,2022-07-06
78458811,攸嘉名宿酒店（长沙火车站地铁站店）,1,2022-07-06
72183355,长沙县悦致轻奢酒店,0,2022-07-06
54108592,长沙天百悦酒店,0,2022-07-06
6006661,长沙博尼尔大酒店,0,2022-07-06
85544309,十佳美享(湘雅附一店)民宿(芙蓉中路1号分店),0,2022-07-06
80979566,考拉原风酒店(长沙火车站朝阳广场店),0,2022-07-06
60621860,陌野都市民宿(长沙五一广场店),0,2022-07-06
6068053,陌上花开酒店公寓(长沙五一广场店),0,2022-07-06
6869687,长沙晶都酒店,1,2022-07-06
974606,北海新泰酒店(北部湾广场店),1,2022-07-06
1961407,全州嘉年华大酒店,1,2022-07-06
1951384,威海树朵酒店,1,2022-07-06
1987709,乳山美宿家民宿,0,2022-07-06
68030773,湘舶酒店(长沙高铁南站店),1,2022-07-06
18426347,美优酒店(长沙国金中心IFS店),1,2022-07-06
70951717,雅斯阁酒店(长沙五一广场店),1,2022-07-06
1254898,淮安泛美酒店,1,2022-07-06
11479245,淮安国发铂金酒店,1,2022-07-06
72166144,淮安物探宾馆,1,2022-07-06
2390871,涟水宏达主题快捷宾馆,1,2022-07-06
923253,淮安大湖宾馆,0,2022-07-06
3031666,长沙县卡斯顿酒店,0,2022-07-06
1625563,长沙漫果主题酒店,1,2022-07-06
54324798,长沙叁拾酒店,1,2022-07-06
15851733,长沙思蜜达主题客栈,1,2022-07-06
60086053,长沙谊致人文酒店,1,2022-07-06
1244861,玩转长沙向导酒店(IFS国金五一广场步行街店),1,2022-07-06
28327958,淮安优蜜主题宾馆,1,2022-07-06
48326227,长沙默上轻奢酒店,0,2022-07-06
80394488,西诺酒店（长沙五一广场潮宗街店）,0,2022-07-06
969343,淮安艾维精品酒店,1,2022-07-06
85544309,十佳美享(湘雅附一店)民宿(芙蓉中路1号分店),0,2022-07-06
85544309,十佳美享(湘雅附一店)民宿(芙蓉中路1号分店),0,2022-07-06
85544309,十佳美享(湘雅附一店)民宿(芙蓉中路1号分店),0,2022-07-06
85544309,十佳美享(湘雅附一店)民宿(芙蓉中路1号分店),0,2022-07-06
85544309,十佳美享(湘雅附一店)民宿(芙蓉中路1号分店),0,2022-07-06
85544309,十佳美享(湘雅附一店)民宿(芙蓉中路1号分店),0,2022-07-06
85544309,十佳美享(湘雅附一店)民宿(芙蓉中路1号分店),0,2022-07-06
85544309,十佳美享(湘雅附一店)民宿(芙蓉中路1号分店),0,2022-07-06
85544309,十佳美享(湘雅附一店)民宿(芙蓉中路1号分店),0,2022-07-06
85544309,十佳美享(湘雅附一店)民宿(芙蓉中路1号分店),0,2022-07-06
85544309,十佳美享(湘雅附一店)民宿(芙蓉中路1号分店),0,2022-07-06
85544309,十佳美享(湘雅附一店)民宿(芙蓉中路1号分店),0,2022-07-06
85544309,十佳美享(湘雅附一店)民宿(芙蓉中路1号分店),0,2022-07-06
85544309,十佳美享(湘雅附一店)民宿(芙蓉中路1号分店),0,2022-07-06
85544309,十佳美享(湘雅附一店)民宿(芙蓉中路1号分店),0,2022-07-06
85544309,十佳美享(湘雅附一店)民宿(芙蓉中路1号分店),0,2022-07-06
85544309,十佳美享(湘雅附一店)民宿(芙蓉中路1号分店),0,2022-07-06
85544309,十佳美享(湘雅附一店)民宿(芙蓉中路1号分店),0,2022-07-06
85544309,十佳美享(湘雅附一店)民宿(芙蓉中路1号分店),0,2022-07-06
85544309,十佳美享(湘雅附一店)民宿(芙蓉中路1号分店),0,2022-07-06
85544309,十佳美享(湘雅附一店)民宿(芙蓉中路1号分店),0,2022-07-06
85544309,十佳美享(湘雅附一店)民宿(芙蓉中路1号分店),0,2022-07-06
85544309,十佳美享(湘雅附一店)民宿(芙蓉中路1号分店),0,2022-07-06
85544309,十佳美享(湘雅附一店)民宿(芙蓉中路1号分店),0,2022-07-06
85544309,十佳美享(湘雅附一店)民宿(芙蓉中路1号分店),0,2022-07-06
85544309,十佳美享(湘雅附一店)民宿(芙蓉中路1号分店),0,2022-07-06
85544309,十佳美享(湘雅附一店)民宿(芙蓉中路1号分店),0,2022-07-06
85544309,十佳美享(湘雅附一店)民宿(芙蓉中路1号分店),0,2022-07-06
85544309,十佳美享(湘雅附一店)民宿(芙蓉中路1号分店),0,2022-07-06
85544309,十佳美享(湘雅附一店)民宿(芙蓉中路1号分店),0,2022-07-06
85544309,十佳美享(湘雅附一店)民宿(芙蓉中路1号分店),0,2022-07-06
85544309,十佳美享(湘雅附一店)民宿(芙蓉中路1号分店),0,2022-07-06
85544309,十佳美享(湘雅附一店)民宿(芙蓉中路1号分店),0,2022-07-06
85544309,十佳美享(湘雅附一店)民宿(芙蓉中路1号分店),0,2022-07-06
85544309,十佳美享(湘雅附一店)民宿(芙蓉中路1号分店),0,2022-07-06
85544309,十佳美享(湘雅附一店)民宿(芙蓉中路1号分店),0,2022-07-06
85544309,十佳美享(湘雅附一店)民宿(芙蓉中路1号分店),0,2022-07-06
85544309,十佳美享(湘雅附一店)民宿(芙蓉中路1号分店),0,2022-07-06
85544309,十佳美享(湘雅附一店)民宿(芙蓉中路1号分店),0,2022-07-06
85544309,十佳美享(湘雅附一店)民宿(芙蓉中路1号分店),0,2022-07-06
85544309,十佳美享(湘雅附一店)民宿(芙蓉中路1号分店),0,2022-07-06
85544309,十佳美享(湘雅附一店)民宿(芙蓉中路1号分店),0,2022-07-06
85544309,十佳美享(湘雅附一店)民宿(芙蓉中路1号分店),0,2022-07-06
85544309,十佳美享(湘雅附一店)民宿(芙蓉中路1号分店),0,2022-07-06
85544309,十佳美享(湘雅附一店)民宿(芙蓉中路1号分店),0,2022-07-06
85544309,十佳美享(湘雅附一店)民宿(芙蓉中路1号分店),0,2022-07-06
85544309,十佳美享(湘雅附一店)民宿(芙蓉中路1号分店),0,2022-07-06
85544309,十佳美享(湘雅附一店)民宿(芙蓉中路1号分店),0,2022-07-06
85544309,十佳美享(湘雅附一店)民宿(芙蓉中路1号分店),0,2022-07-06
85544309,十佳美享(湘雅附一店)民宿(芙蓉中路1号分店),0,2022-07-06
5853162,OYO镇江友好宾馆（大市口苏宁广场店）,1,2022-07-06
1951384,威海树朵酒店,0,2022-07-07
18426347,美优酒店(长沙国金中心IFS店),0,2022-07-07
28327958,淮安优蜜主题宾馆,0,2022-07-07
54108592,长沙天百悦酒店,0,2022-07-07
18426347,美优酒店(长沙国金中心IFS店),1,2022-07-07
54324798,长沙叁拾酒店,1,2022-07-07
68030773,湘舶酒店(长沙高铁南站店),1,2022-07-07
6682221,涟水红玫瑰假日酒店,1,2022-07-07
19756816,淮安全彩酒店,1,2022-07-07
974606,北海新泰酒店(北部湾广场店),1,2022-07-07
1951384,威海树朵酒店,0,2022-07-07
15851733,长沙思蜜达主题客栈,1,2022-07-07
48326227,长沙默上轻奢酒店,0,2022-07-07
969343,淮安艾维精品酒店,0,2022-07-07
6068053,陌上花开酒店公寓(长沙五一广场店),0,2022-07-07
72183355,长沙县悦致轻奢酒店,0,2022-07-07
6006661,长沙博尼尔大酒店,0,2022-07-07
70951717,雅斯阁酒店(长沙五一广场店),0,2022-07-07
54108592,长沙天百悦酒店,0,2022-07-07
18426347,美优酒店(长沙国金中心IFS店),0,2022-07-07
68030773,湘舶酒店(长沙高铁南站店),0,2022-07-07
6682221,涟水红玫瑰假日酒店,0,2022-07-07
15851733,长沙思蜜达主题客栈,1,2022-07-07
6682221,涟水红玫瑰假日酒店,0,2022-07-08
5853162,OYO镇江友好宾馆（大市口苏宁广场店）,1,2022-07-18
5853162,OYO镇江友好宾馆（大市口苏宁广场店）,1,2022-07-29
5853162,OYO镇江友好宾馆（大市口苏宁广场店）,1,2022-07-29
5853162,OYO镇江友好宾馆（大市口苏宁广场店）,1,2022-07-29
5853162,OYO镇江友好宾馆（大市口苏宁广场店）,1,2022-07-29
6682221,涟水红玫瑰假日酒店,1,2022-07-29
5983302,淮安名家商务宾馆,1,2022-07-29
5853162,OYO镇江友好宾馆（大市口苏宁广场店）,1,2022-07-29
6682221,涟水红玫瑰假日酒店,1,2022-07-29
19756816,淮安全彩酒店,1,2022-07-29
78458811,攸嘉名宿酒店（长沙火车站地铁站店）,1,2022-07-29
72183355,长沙县悦致轻奢酒店,0,2022-07-29
54108592,长沙天百悦酒店,0,2022-07-29
5853162,OYO镇江友好宾馆（大市口苏宁广场店）,0,2022-07-29
6682221,涟水红玫瑰假日酒店,0,2022-07-29
5983302,淮安名家商务宾馆,0,2022-07-29
19756816,淮安全彩酒店,0,2022-07-29
72183355,长沙县悦致轻奢酒店,0,2022-07-29
974606,北海新泰酒店(北部湾广场店),0,2022-08-01
78142974,微雅酒店（长沙汽车南站德思勤广场店）,0,2022-08-01
21367321,长沙仟意主题酒店,0,2022-08-01
1662128,长沙兴祥宾馆,0,2022-08-01
1692878,镇江柏丽酒店,0,2022-08-01
974606,北海新泰酒店(北部湾广场店),0,2022-08-01
78142974,微雅酒店（长沙汽车南站德思勤广场店）,0,2022-08-01
974606,北海新泰酒店(北部湾广场店),1,2022-08-01
1692878,镇江柏丽酒店,0,2022-08-01
28089366,长沙县互联云端电竞酒店,0,2022-08-01
5354350,蜜月设计师酒店(长沙五一广场IFS国金中心店),0,2022-08-01
8550147,长沙新友缘公寓酒店五一广场店,0,2022-08-01
5983302,淮安名家商务宾馆,0,2022-08-02
5983302,淮安名家商务宾馆,0,2022-08-02
5983302,淮安名家商务宾馆,1,2022-08-02
8550147,长沙新友缘公寓酒店五一广场店,0,2022-08-03
8550147,长沙新友缘公寓酒店五一广场店,0,2022-08-03
8550147,长沙新友缘公寓酒店五一广场店,0,2022-08-03
37409714,长沙猴馆电竞酒店,0,2022-08-03
8550147,长沙新友缘公寓酒店五一广场店,0,2022-08-03
37409714,长沙猴馆电竞酒店,0,2022-08-03
42519173,泰州裕家精品酒店,0,2022-08-03
5382283,长沙八楼宾馆,0,2022-08-03
80206250,安吉丽娜酒店,0,2022-08-03
6742112,盐城庆宸旅馆,0,2022-08-03
13336699,兴化海笑酒店,1,2022-08-03
6729778,涟水景园宾馆,1,2022-08-03
72185235,椰子精品酒店,1,2022-08-04
72966600,宿迁星湖商务宾馆,1,2022-08-04
7355046,泰州悦家精品酒店,1,2022-08-04
84665675,长沙希森酒店,1,2022-08-04
89279220,秘栈,1,2022-08-04
6047576,长沙县悦城宾馆,1,2022-08-04
82296061,长沙枫尚酒店,0,2022-08-04
72174451,长沙漫悦电竞酒店,1,2022-08-04
1684079,长沙县艺博商务酒店,0,2022-08-04
68085568,长沙县铭航快捷酒店,0,2022-08-04
78142974,微雅酒店（长沙汽车南站德思勤广场店）,1,2022-08-04
21367321,长沙仟意主题酒店,1,2022-08-04
1692878,镇江柏丽酒店,1,2022-08-04
8573463,句容新时代宾馆,1,2022-08-04
5316331,泗洪圣悦宾馆,0,2022-08-04
5244406,轻住酒店·憩园,1,2022-08-04
953844,淮安兰花纪·花园酒店,0,2022-08-04
80183249,沐夏酒店(高铁南站店),0,2022-08-04
15887723,长沙美思勤公寓酒店,1,2022-08-04
28089366,长沙县互联云端电竞酒店,1,2022-08-04
48987271,长沙漫咖电竞公寓,1,2022-08-04
90945168,非界电竞酒店,1,2022-08-04
10217889,宿迁听蝉居客栈,1,2022-08-04
1876971,沭阳柏悦商务宾馆,0,2022-08-04
76298467,建湖逸酷电竞酒店,1,2022-08-04
70140188,涟水侣行家精品酒店,1,2022-08-04
967949,涟水新凯悦主题宾馆,1,2022-08-04
1908186,泰州时尚假日阳光酒店,0,2022-08-04
3396143,扬州泽尔轻居酒店,1,2022-08-04
13802321,都市花园酒店(兴化英武中路店),1,2022-08-04
14215813,k房共享酒店(长沙五一广场店),1,2022-08-04
68605302,镇江言宜酒店,0,2022-08-04
5853162,OYO镇江友好宾馆（大市口苏宁广场店）,1,2022-08-08
6682221,涟水红玫瑰假日酒店,1,2022-08-08
5853162,OYO镇江友好宾馆（大市口苏宁广场店）,1,2022-08-08
5853162,OYO镇江友好宾馆（大市口苏宁广场店）,1,2022-08-08
6682221,涟水红玫瑰假日酒店,1,2022-08-08
5853162,OYO镇江友好宾馆（大市口苏宁广场店）,1,2022-08-08
6682221,涟水红玫瑰假日酒店,1,2022-08-08
6006661,长沙博尼尔大酒店,0,2022-08-10
48987271,长沙漫咖电竞公寓,1,2022-08-10
82710670,五月电竞公寓,0,2022-08-10
82710670,五月电竞公寓,1,2022-08-10
8546325,宿8酒店(长沙县黄花机场店),1,2022-08-10
4016798,爱丽舍精品酒店(长沙绿地中央广场观沙岭地铁站店),0,2022-08-10
1690912,长沙陶陶酒店,1,2022-08-10
5982765,美笙公寓酒店（长沙红星德思勤广场店）,1,2022-08-10
3796781,长沙武广酒店公寓,1,2022-08-10
1685946,长沙喜月花园酒店,1,2022-08-10
6955579,长沙四叶草商院宾馆,1,2022-08-10
1484488,长沙金雅莱商务宾馆,0,2022-08-10
1692878,镇江柏丽酒店,1,2022-08-10
61485664,吉米酒店(长沙汽车东站店),1,2022-08-10
6734689,歌易时尚酒店（长沙喜盈门范城店）,1,2022-08-10
10666978,好客来酒店公寓（长沙五一广场IFS国金店）,1,2022-08-10
6682221,涟水红玫瑰假日酒店,1,2022-08-10
28014198,长沙爱尚蓝精灵主题客栈,0,2022-08-10
28014198,长沙爱尚蓝精灵主题客栈,1,2022-08-10
6664573,长沙四叶草主题酒店,0,2022-08-10
72185235,椰子精品酒店,0,2022-08-10
72185235,椰子精品酒店,1,2022-08-10
6734689,歌易时尚酒店（长沙喜盈门范城店）,1,2022-08-10
10217889,宿迁听蝉居客栈,1,2022-08-10
48987271,长沙漫咖电竞公寓,1,2022-08-10
4016798,爱丽舍精品酒店(长沙绿地中央广场观沙岭地铁站店),0,2022-08-10
6682221,涟水红玫瑰假日酒店,0,2022-08-10
6682221,涟水红玫瑰假日酒店,1,2022-08-10
3796781,长沙武广酒店公寓,1,2022-08-10
1692878,镇江柏丽酒店,0,2022-08-10
1692878,镇江柏丽酒店,1,2022-08-10
72185235,椰子精品酒店,1,2022-08-10
89279220,秘栈,1,2022-08-10
78142974,微雅酒店（长沙汽车南站德思勤广场店）,1,2022-08-10
6006661,长沙博尼尔大酒店,0,2022-08-10
6955579,长沙四叶草商院宾馆,1,2022-08-10
6734689,歌易时尚酒店（长沙喜盈门范城店）,1,2022-08-10
48987271,长沙漫咖电竞公寓,1,2022-08-10
5316331,泗洪圣悦宾馆,0,2022-08-10
6682221,涟水红玫瑰假日酒店,1,2022-08-10
3796781,长沙武广酒店公寓,1,2022-08-10
1692878,镇江柏丽酒店,1,2022-08-10
72185235,椰子精品酒店,1,2022-08-10
6955579,长沙四叶草商院宾馆,1,2022-08-10
3796781,长沙武广酒店公寓,1,2022-08-10
4016798,爱丽舍精品酒店(长沙绿地中央广场观沙岭地铁站店),0,2022-08-10
6955579,长沙四叶草商院宾馆,1,2022-08-10
6955579,长沙四叶草商院宾馆,1,2022-08-10
6955579,长沙四叶草商院宾馆,1,2022-08-10
6955579,长沙四叶草商院宾馆,1,2022-08-10
6955579,长沙四叶草商院宾馆,1,2022-08-10
6955579,长沙四叶草商院宾馆,1,2022-08-10
6955579,长沙四叶草商院宾馆,1,2022-08-10
1484488,长沙金雅莱商务宾馆,0,2022-08-10
6955579,长沙四叶草商院宾馆,1,2022-08-10
6955579,长沙四叶草商院宾馆,1,2022-08-10
6955579,长沙四叶草商院宾馆,1,2022-08-10
6955579,长沙四叶草商院宾馆,1,2022-08-10
6955579,长沙四叶草商院宾馆,1,2022-08-10
8028315,扬州途安商务酒店,1,2022-08-10
3796781,长沙武广酒店公寓,1,2022-08-10
6955579,长沙四叶草商院宾馆,1,2022-08-10
8028315,扬州途安商务酒店,1,2022-08-10
3796781,长沙武广酒店公寓,1,2022-08-10
6955579,长沙四叶草商院宾馆,1,2022-08-10
3796781,长沙武广酒店公寓,1,2022-08-10
6955579,长沙四叶草商院宾馆,1,2022-08-10
3796781,长沙武广酒店公寓,1,2022-08-10
6955579,长沙四叶草商院宾馆,1,2022-08-10
3796781,长沙武广酒店公寓,1,2022-08-10
6955579,长沙四叶草商院宾馆,0,2022-08-10
6955579,长沙四叶草商院宾馆,1,2022-08-10
3796781,长沙武广酒店公寓,1,2022-08-10
6955579,长沙四叶草商院宾馆,1,2022-08-10
3796781,长沙武广酒店公寓,1,2022-08-10
6955579,长沙四叶草商院宾馆,1,2022-08-10
3796781,长沙武广酒店公寓,1,2022-08-10
6955579,长沙四叶草商院宾馆,1,2022-08-10
5983302,淮安名家商务宾馆,1,2022-08-12
19756816,淮安全彩酒店,0,2022-08-12
78458811,攸嘉名宿酒店（长沙火车站地铁站店）,1,2022-08-12
5853162,OYO镇江友好宾馆（大市口苏宁广场店）,0,2022-08-15
6682221,涟水红玫瑰假日酒店,0,2022-08-15
19756816,淮安全彩酒店,0,2022-08-15
78458811,攸嘉名宿酒店（长沙火车站地铁站店）,0,2022-08-15
72183355,长沙县悦致轻奢酒店,0,2022-08-15
54108592,长沙天百悦酒店,0,2022-08-15
6006661,长沙博尼尔大酒店,0,2022-08-15
80979566,考拉原风酒店(长沙火车站朝阳广场店),0,2022-08-15
6068053,陌上花开酒店公寓(长沙五一广场店),0,2022-08-15
974606,北海新泰酒店(北部湾广场店),0,2022-08-15
1951384,威海树朵酒店,0,2022-08-15
1987709,乳山美宿家民宿,0,2022-08-15
70951717,雅斯阁酒店(长沙五一广场店),0,2022-08-15
54324798,长沙叁拾酒店,0,2022-08-15
75503591,未来电竞宾馆,0,2022-08-15
1396153,涟水万通江南酒店,0,2022-08-15
72185235,椰子精品酒店,0,2022-08-15
72966600,宿迁星湖商务宾馆,0,2022-08-15
7355046,泰州悦家精品酒店,0,2022-08-15
84665675,长沙希森酒店,0,2022-08-15
89279220,秘栈,0,2022-08-15
82296061,长沙枫尚酒店,0,2022-08-15
72174451,长沙漫悦电竞酒店,0,2022-08-15
1684079,长沙县艺博商务酒店,0,2022-08-15
78142974,微雅酒店（长沙汽车南站德思勤广场店）,0,2022-08-15
21367321,长沙仟意主题酒店,0,2022-08-15
1692878,镇江柏丽酒店,0,2022-08-15
5316331,泗洪圣悦宾馆,0,2022-08-15
5244406,轻住酒店·憩园,0,2022-08-15
953844,淮安兰花纪·花园酒店,0,2022-08-15
80183249,沐夏酒店(高铁南站店),0,2022-08-15
15887723,长沙美思勤公寓酒店,0,2022-08-15
28089366,长沙县互联云端电竞酒店,0,2022-08-15
48987271,长沙漫咖电竞公寓,0,2022-08-15
90945168,非界电竞酒店,0,2022-08-15
90134568,莱夙酒店(宿迁宝龙广场金田湖畔春天店),0,2022-08-15
10217889,宿迁听蝉居客栈,0,2022-08-15
70140188,涟水侣行家精品酒店,0,2022-08-15
75447125,淮安晨枫宾馆,0,2022-08-15
14215813,k房共享酒店(长沙五一广场店),0,2022-08-15
68605302,镇江言宜酒店,0,2022-08-15
38971483,长沙知觉酒店,0,2022-08-15
854897,泰州天鸿宾馆,0,2022-08-15
8028315,扬州途安商务酒店,0,2022-08-15
5354350,蜜月设计师酒店(长沙五一广场IFS国金中心店),0,2022-08-15
19865118,兴化优客快捷酒店·精选,0,2022-08-15
1646860,OYO靖江八八辛宾馆,0,2022-08-15
80888509,浅草稻町公寓酒店,0,2022-08-15
8550147,长沙新友缘公寓酒店五一广场店,0,2022-08-15
62657383,丹阳友一佳电竞酒店,0,2022-08-15
14006420,兴化大运大酒店,0,2022-08-15
837169,东台九天宾馆,0,2022-08-15
37409714,长沙猴馆电竞酒店,0,2022-08-15
56465969,扬州怡都快捷宾馆,0,2022-08-15
2307406,都市118(淮安北门吴承恩故居店),0,2022-08-15
77192246,米家民宿(东牌楼街分店),0,2022-08-15
78059852,长沙陌雅居酒店（湘雅附二店）,0,2022-08-15
12100039,良栖酒店(长沙五一广场太平街店),0,2022-08-15
45881951,长沙玩星人电竞酒店,0,2022-08-15
23972248,美栖酒店(长沙步行街黄兴广场地铁站店),0,2022-08-15
8843050,欧曼酒店（万家丽广场店）,0,2022-08-15
6604794,时光里主题客栈(长沙五一广场店),0,2022-08-15
10666978,好客来酒店公寓（长沙五一广场IFS国金店）,0,2022-08-15
70159732,博阅未来酒店(长沙湘雅附一店),0,2022-08-15
5382283,长沙八楼宾馆,0,2022-08-15
6734689,歌易时尚酒店（长沙喜盈门范城店）,0,2022-08-15
1211740,博鑫商务酒店,0,2022-08-15
931184,扬州中京商务宾馆,0,2022-08-15
73299395,宴江南大酒店,0,2022-08-15
68202124,泰州铂居酒店,0,2022-08-15
2037537,长沙华涛宾馆,0,2022-08-15
1994331,兴化华生宾馆,0,2022-08-15
72169245,句容艾家宾馆,0,2022-08-15
1587467,兴化旺德福宾馆,0,2022-08-15
65274829,淮安简宿宾馆,0,2022-08-15
94148572,淮安珀莉达精品酒店,0,2022-08-15
82813434,K-HOTEL电影电竞酒店,0,2022-08-15
6881697,永泰宾馆(靖江兴业路店),0,2022-08-15
80206250,安吉丽娜酒店,0,2022-08-15
82670319,泰州星耀电竞酒店,0,2022-08-15
83833098,盐城心素酒店,0,2022-08-15
2157455,泗洪悦家商务酒店,0,2022-08-15
6742112,盐城庆宸旅馆,0,2022-08-15
13336699,兴化海笑酒店,0,2022-08-15
6729778,涟水景园宾馆,0,2022-08-15
54985576,盐城鑫尚宾馆,0,2022-08-15
28726396,兴化凯林盛德酒店,0,2022-08-15
26881861,盐城都市馨家时尚宾馆,0,2022-08-15
78937228,扬州暴走熊电竞公寓,0,2022-08-15
1569436,泗洪恒悦宾馆,0,2022-08-15
6731687,涟水尚典宾馆,0,2022-08-15
75433251,靖江忠忆商务酒店,0,2022-08-15
1330344,泰州彼德堡宾馆,0,2022-08-15
82604802,青橙时光酒店,0,2022-08-15
70426053,ROG玩家国度电竞馆(沭阳先锋店),0,2022-08-15
839035,泰州七星商务酒店,0,2022-08-15
50447933,扬州小斯不在家公寓,0,2022-08-15
72166038,锦芬客房,0,2022-08-15
72184356,盛之奕宾馆(泰州大润发店),0,2022-08-15
925988,泗阳新空间商务宾馆,0,2022-08-15
85323813,仪征挚爱主题宾馆,0,2022-08-15
6803249,丹阳强强宾馆,0,2022-08-15
11289544,长沙九州主题酒店,0,2022-08-15
54698890,斯塔克电竞酒店(长沙火车站店),0,2022-08-15
26551935,中铁木子酒店（长沙汽车南站德思勤广场店）,0,2022-08-15
770873,西子公寓酒店(长沙高桥店),0,2022-08-15
6662299,雅思琴酒店(长沙理工大学云塘校区店),0,2022-08-15
85013598,长沙默悦酒店(五一广场国金中心店）,0,2022-08-15
60939653,长沙凯思博酒店,0,2022-08-15
6413843,长沙湘缘公寓酒店五一广场店,0,2022-08-15
23674120,长沙欣福圆主题客栈,0,2022-08-15
2010774,长沙美汐公寓酒店,0,2022-08-15
80206845,长沙格兰登酒店,0,2022-08-15
5246459,长沙海之蓝酒店,0,2022-08-15
5894582,三一快捷酒店(长沙北站店),0,2022-08-15
85060950,麦豪智慧酒店,0,2022-08-15
5638108,长沙紫夜恋情侣酒店,0,2022-08-15
6299765,美逸连锁公寓酒店(长沙汽车东站店),0,2022-08-15
82319603,木楠酒店(长沙民政环保学院店),0,2022-08-15
